ID,Centroid
42,"[17.21871843788576, 2555.363670369955, 248.2001271836307]"
43,"[30.294121759557033, 2684.496294639112, 196.72899130288877]"
44,"[51.436786407943224, 2609.967199724093, 86.6560055181427]"
48,"[16.719650372288765, 2724.7348656523145, 48.82146325671739]"
50,"[42.30776330970826, 2894.7655843085545, 16.257722103181145]"
51,"[32.76932515337423, 3186.6740154363742, 191.68015040569958]"
52,"[22.492495879240046, 3322.226338162575, 292.60163095341375]"
54,"[12.484808203570072, 3328.6487846562854, 277.15514622104064]"
56,"[23.31972234895392, 3376.516913250342, 254.6470377370788]"
60,"[25.206529907868735, 3441.2367578701255, 222.99930414451526]"
61,"[31.63373340607383, 3533.072504091653, 194.12967812329515]"
66,"[29.87545742107548, 2796.007070644421, 140.37951994045773]"
67,"[30.943196623065298, 2794.03100734796, 35.60222002188754]"
68,"[57.27297672492876, 2702.743154271426, 257.774482663441]"
80,"[82.68163165545364, 2927.955297991947, 161.07719618714384]"
87,"[37.75207681519042, 3418.1517963102815, 273.44988671917145]"
88,"[44.141011022424934, 2797.353382744204, 118.51358798935766]"
89,"[48.76745903531041, 3510.989383798754, 274.85409646895914]"
90,"[49.21060095727708, 2754.7711398688175, 72.07374578975359]"
92,"[46.376906541099395, 3575.5138704063875, 251.02047292455728]"
95,"[57.779988974641675, 2788.387816979052, 96.91824696802647]"
96,"[62.46336719256538, 2764.989734169008, 294.69775232331966]"
97,"[83.56939363841178, 2924.5780178783402, 134.49470675161706]"
98,"[94.2817382946588, 2879.1996430042564, 204.37271728683234]"
100,"[89.13095844923758, 2859.428920961799, 51.814223089582455]"
101,"[77.1246251874063, 3195.7250749625186, 174.27230134932535]"
104,"[86.36193506128942, 3233.0014971460655, 8.125900626929916]"
105,"[67.96213046665038, 3514.0245541167847, 288.75751282677743]"
106,"[90.54489576072493, 2863.181103859071, 273.392624041569]"
116,"[155.29807221042313, 3414.6061305342264, 20.01599003430812]"
117,"[126.14320198211, 2975.690094915378, 267.8521524475779]"
136,"[162.72685929406592, 2498.4897572235272, 12.918923374963933]"
146,"[153.4102620087336, 3498.9501091703055, 6.994323144104803]"
150,"[188.85423612473033, 3190.551738085899, 252.75790596195333]"
157,"[181.21955086325545, 2529.3623582292375, 183.72341852645516]"
160,"[174.46052665715396, 3155.836866000778, 225.49682189648462]"
172,"[204.80166693639748, 3544.104021686357, 155.74579219938502]"
173,"[223.8490518097614, 3229.262259487677, 292.57445776453466]"
174,"[169.35911206587897, 2661.013605442177, 2.1188686000716075]"
178,"[208.060051375921, 3286.908538555014, 218.74619679746505]"
179,"[181.1903507177903, 3576.1509176812647, 116.16818099218608]"
181,"[196.36649907382906, 3177.466155067478, 275.31018788039165]"
185,"[187.39458596843784, 2418.9700336899346, 245.9049589219221]"
186,"[219.69220039023722, 2545.6742546126725, 259.46973094170403]"
188,"[199.41601148134282, 3573.3401971795834, 134.43267190814925]"
189,"[220.332036828831, 3381.1466772007657, 192.2943875535568]"
191,"[184.49914879128363, 2423.4896152536603, 228.74225400068096]"
193,"[243.5546866897596, 2549.475182012404, 58.94385098836365]"
196,"[216.09911692499358, 3063.683778535048, 185.92473709281447]"
202,"[206.50727432077124, 3579.1536371603856, 13.1091148115688]"
206,"[212.90217302173022, 2740.5558015580154, 3.9747437474374743]"
213,"[217.80289000294897, 2663.873901503981, 136.46753170156296]"
214,"[261.9714925425761, 3532.7415112302106, 183.93411727372094]"
218,"[264.8087262278347, 2747.9784868993156, 29.34782663490743]"
221,"[222.97447795823666, 2613.686259345192, 296.466099510183]"
225,"[227.17596816461224, 2644.1668446083663, 217.37503639716587]"
227,"[270.65258966641585, 2784.005413426971, 154.38666290443942]"
234,"[260.48623231132075, 2704.981515330189, 275.82883254716984]"
237,"[238.50047352561344, 3299.9051226861816, 266.68532070598366]"
238,"[250.93058239749283, 3554.6609036301907, 255.27730477931576]"
240,"[246.75776269083642, 3479.6258744873694, 239.47010373229486]"
241,"[257.8975653539773, 3545.9754852462693, 280.858044429485]"
244,"[258.91928458900935, 3091.9047354276713, 167.84867018811974]"
245,"[258.30327896194, 3400.500650455319, 268.9028653390707]"
247,"[267.90377932232843, 2728.135624818998, 202.77648059658267]"
248,"[258.27565733672606, 2644.4614079728585, 50.89878428046367]"
249,"[255.92147729163202, 3008.5027449675595, 155.58376310098154]"
256,"[303.7145750159116, 2826.2939979556018, 268.34396998977803]"
261,"[277.0891207912152, 2721.8299032797613, 100.41080648680096]"
264,"[290.4823887199336, 2730.4890240530826, 59.512690074647494]"
265,"[331.85896872160174, 3266.6543839591945, 11.797115469175974]"
266,"[276.8019178903206, 2692.1747078213966, 77.1039856158226]"
271,"[284.1251682368775, 2626.8646414151126, 89.01038261872716]"
281,"[303.747139743939, 2839.1116180877143, 132.78105420866248]"
291,"[300.8511380628011, 2586.0629672703108, 105.48596112311016]"
295,"[304.0133473832104, 2529.4766420793817, 121.50895679662803]"
313,"[372.5251565466812, 3035.3633094978386, 246.92890558720154]"
320,"[477.02212580594977, 2594.140956941107, 51.09332163661821]"
323,"[418.49746349754076, 2471.3924153855396, 250.1337007184611]"
324,"[351.24752824858757, 2577.3901836158193, 140.42302259887006]"
325,"[406.9204312399534, 3078.976109971731, 291.37387062801395]"
329,"[377.3985898173308, 2410.929332196196, 194.37972788036257]"
330,"[375.9838936984095, 3106.0114757398833, 208.24175558687335]"
331,"[390.2804159031153, 2924.7584256234563, 194.78846307067167]"
332,"[436.3452845156028, 3388.6297442543823, 170.17030714054277]"
333,"[379.2038486464929, 3018.846403110823, 277.9705369160975]"
335,"[417.8574699390545, 2128.108977104266, 281.7388898039862]"
337,"[395.9572927441998, 3246.701837347914, 177.99389192650608]"
338,"[405.2177057211174, 3157.3049804630546, 227.5565113430921]"
339,"[414.9441166098507, 3221.704384624427, 198.13715763488892]"
341,"[406.7858178566157, 3463.486129561616, 111.1741901313676]"
351,"[446.97410179312163, 2560.3418563307946, 279.4017514211092]"
355,"[416.2413044138643, 2540.1332361250343, 181.923843373128]"
356,"[419.85330357142857, 3570.918035714286, 58.68767857142857]"
360,"[455.93755889780994, 3560.8487504240643, 91.71546232424893]"
363,"[431.08327948303713, 2644.4741518578353, 3.1036348949919224]"
365,"[442.5787669398468, 2390.6830039102256, 50.54962772510579]"
368,"[431.8482422931314, 3583.308058409951, 290.8206598161168]"
369,"[435.1668709342887, 3165.2201376449516, 262.999434335816]"
370,"[445.6322284908322, 3357.803808180536, 232.0583568406206]"
371,"[452.0500807232806, 3278.5352599289636, 262.13161123668067]"
373,"[441.7611295681063, 2555.6447397563675, 216.30498338870433]"
374,"[450.2413212245496, 2626.039402372931, 139.02226453786437]"
378,"[471.884959535807, 3445.4735074057107, 248.47533974652617]"
379,"[449.1130043401382, 2912.616138884424, 171.15094036328566]"
380,"[468.44643103550237, 3424.1023477695203, 276.2800173470796]"
383,"[468.50231232523123, 2349.9804258980425, 135.69590234459022]"
385,"[499.16510674684685, 2714.177951687409, 158.1384316532052]"
392,"[460.0366748166259, 2388.7802567237163, 70.56662591687042]"
393,"[464.8626568466994, 3462.705537370431, 227.88270594653574]"
396,"[504.75482509630837, 2698.0963664169426, 283.44857424937567]"
397,"[466.50473263675474, 3220.2073755377996, 292.8542102028273]"
398,"[484.3160334768718, 2638.0955341019585, 208.28693221280733]"
400,"[589.5715241819014, 2375.0751817018327, 14.871851773574273]"
408,"[521.0873023839398, 3551.7546047678798, 167.293626097867]"
409,"[504.0383808298924, 2755.975021999594, 18.196236377174575]"
411,"[501.2721756785139, 2705.7624326153414, 250.25369302933422]"
412,"[492.26160397444994, 2455.754009936125, 96.13356990773599]"
419,"[560.2665266213684, 2297.4282090292595, 234.603417682328]"
421,"[539.619429241595, 3155.5053948397185, 7.445230648944488]"
429,"[525.3685785918952, 2523.393982808023, 110.19097932869423]"
433,"[570.0018832045148, 2906.479364495154, 249.5367439577966]"
437,"[545.9259710710222, 3516.0293352836015, 205.8690069884609]"
444,"[608.5848050796104, 2236.065651154417, 90.98734488482177]"
446,"[566.0894527470165, 2966.0023294986204, 204.21528151094864]"
447,"[576.0944965348552, 3091.4863432531592, 175.04219323277619]"
448,"[638.277939734272, 3266.8258258661685, 162.50697905611457]"
449,"[552.9947183098592, 2485.4158450704226, 131.67676056338027]"
450,"[575.4284881148695, 2789.788943409886, 193.4237622169489]"
452,"[580.9876190203871, 2898.3664827152375, 290.33251365338975]"
453,"[604.4264834906165, 3078.913676146455, 196.59660610729495]"
458,"[602.1521775089203, 3287.177461660247, 130.8992414754602]"
460,"[599.2524783800886, 3021.9898454214, 225.84069063187394]"
461,"[629.4016747826878, 3380.4848352848626, 88.41465824941]"
464,"[594.7952671081678, 2396.2405651214126, 180.3268344370861]"
466,"[662.5842346005286, 2412.756413905265, 52.93070746086603]"
470,"[601.0321156162183, 2410.8279138230964, 3.904723671885454]"
475,"[617.3411569925984, 3452.9132742500974, 45.32654850019478]"
476,"[642.7977775205463, 3539.438167997839, 34.52650769765019]"
478,"[609.3554229934924, 3190.762093275488, 170.22933839479393]"
484,"[607.0621324753134, 2396.8475535337843, 216.11461222678352]"
488,"[639.1476417824074, 3478.709056712963, 288.74750434027777]"
490,"[632.633374766936, 2472.8537600994405, 140.78570540708515]"
491,"[671.749569622257, 2540.776718048163, 284.87458693630407]"
492,"[629.703595035748, 3045.1105827600163, 281.55159854309994]"
493,"[696.0599961783228, 2104.934894405397, 216.90187428343552]"
495,"[655.3387125753393, 2478.9245871649546, 211.76271989285073]"
496,"[644.0306576613028, 3214.4430732360174, 233.06934545115004]"
497,"[678.9654524971836, 2564.5245426747492, 163.13025052304062]"
498,"[635.618566010475, 2799.7960989705616, 167.12624164710132]"
500,"[669.7134477324462, 3307.788420008171, 239.9666725033561]"
502,"[668.5991407089151, 2099.3744360902256, 1.9535982814178303]"
509,"[650.3426191843768, 3140.1062607696726, 277.23118897185526]"
510,"[671.5380970700792, 3286.4849251827404, 268.75833721424664]"
515,"[679.9227770603147, 2549.4884249294496, 251.77722772277227]"
519,"[669.3855675903784, 3340.323111548741, 216.79350119566746]"
520,"[697.6713970683617, 3511.667739006356, 232.5805941107796]"
524,"[701.9179204764038, 2629.3702932729047, 14.194434929250876]"
528,"[694.7534904013961, 3452.8549544308707, 131.54028504944736]"
529,"[756.5495279258853, 2085.036007829522, 93.98101075230723]"
530,"[696.6520434945631, 3250.7701537307835, 291.9683789526309]"
533,"[707.5928910601772, 2402.8452424436123, 103.69427449547986]"
539,"[712.0972152167565, 2588.590299715947, 102.44017627226631]"
540,"[714.3137476266229, 3551.7903474110944, 109.61186945142916]"
541,"[721.4129645225813, 3533.3506158543005, 262.4572323402463]"
543,"[729.4425584353634, 2728.6771346795995, 235.1500238511687]"
544,"[762.0732950924156, 2213.575621414914, 280.78573932441043]"
545,"[738.7123394454779, 2212.9709628842234, 180.3646735760475]"
546,"[742.2976153211349, 3451.7114623943544, 160.4739762670385]"
548,"[776.3724598655072, 2222.55343663091, 26.271229712032255]"
551,"[725.3044805274081, 2572.1657713750865, 58.5781955805152]"
552,"[770.7624777448071, 2775.970578635015, 266.62433234421366]"
554,"[759.0335432236803, 3059.8378744188785, 6.093156005413994]"
555,"[750.5816121445371, 2652.2551635663885, 192.18890314304042]"
560,"[756.2410114065143, 2934.3081059981782, 174.42672507264606]"
564,"[786.3869861393632, 2929.8557642272576, 195.89604522446663]"
568,"[750.5791105409451, 2810.9206400114035, 204.05566246169198]"
571,"[822.1687577740522, 3120.7447947650207, 155.40452111838192]"
572,"[780.8466499934185, 2879.1582861655916, 224.97426615769382]"
574,"[757.0652248306071, 3428.4426801724726, 199.19389501060846]"
577,"[754.1346531121812, 2211.726859283039, 215.47458533975387]"
578,"[788.8779414946038, 3123.95690214648, 130.5592865899094]"
581,"[825.1346384676506, 3396.4602627174518, 19.33908133421244]"
584,"[767.558186698479, 2289.0416940053683, 143.06579182821355]"
586,"[755.32556726094, 3577.7745137763372, 264.0455834683955]"
588,"[808.7291276765234, 1902.9268760857256, 170.83658211204207]"
589,"[773.1872981700753, 3129.032938643703, 113.81937567276641]"
590,"[778.2158630602378, 3569.2942636874427, 147.10906398362297]"
591,"[786.6337587131368, 3168.2126112600536, 92.54269168900804]"
595,"[794.5457894009853, 3309.4219807541785, 28.07081357336894]"
600,"[805.5979417149077, 3042.7966453911235, 171.13299688288555]"
601,"[809.5414417161409, 2297.871002457267, 215.22843613796567]"
604,"[882.5786741900189, 1912.5811608749514, 95.73990631979673]"
605,"[795.1012974645876, 2650.8259730984405, 168.83228187120582]"
606,"[837.6491421913295, 2379.283498734381, 286.378279561252]"
607,"[829.860427436799, 2388.4719176194494, 165.04794674996032]"
610,"[798.7317471848892, 2320.3505266981474, 3.0915365056302218]"
611,"[869.0853028865193, 1957.9236712521201, 239.9295145297357]"
612,"[791.7702546296297, 2276.4950810185187, 194.56076388888889]"
614,"[838.8523148148148, 3256.109463507625, 78.21960784313725]"
619,"[838.4968520248589, 3308.851578049474, 56.899102319346845]"
621,"[832.4740989807713, 3354.891492417078, 289.2481174039438]"
631,"[844.6823544109511, 3095.762345844265, 233.96128928628795]"
632,"[835.181811009126, 3128.388554296084, 209.87612760697473]"
633,"[824.7474541751527, 2925.217373032037, 269.02592700352375]"
634,"[842.9388648218548, 2373.236384935019, 253.85186986119706]"
635,"[823.0866372980911, 2207.061883784351, 67.02978812670443]"
639,"[868.0369540315753, 2429.5720653418994, 109.8435181034912]"
640,"[832.5843030453083, 3587.4704134686804, 173.32186184699182]"
642,"[838.6004832863472, 2928.6603906564637, 290.06222311719694]"
644,"[856.7725650324091, 2315.8711630164757, 54.258644813112134]"
645,"[863.8917904136928, 2454.3354192740926, 9.52498055001184]"
648,"[861.4332382241996, 2264.0028774542993, 89.53885772318407]"
649,"[872.8850686511796, 3119.9138636929133, 270.8076862177385]"
653,"[907.9108522271268, 1639.5012289325844, 277.9801489767255]"
654,"[889.2779825279825, 2044.1778426153426, 177.83930521430523]"
656,"[916.7205792001787, 3395.8577692135837, 232.36638460679177]"
659,"[973.1996865714773, 2109.209634037004, 35.29824613401107]"
660,"[962.0899571055576, 2120.6705893323387, 268.67826370757183]"
661,"[905.1430472111927, 2484.4324678294493, 193.99407521360413]"
662,"[891.1467382396329, 2415.48938698574, 65.9461973446976]"
664,"[891.2599892423544, 3309.495005378823, 128.118564622714]"
665,"[927.429524884162, 2619.151177586248, 238.06189230067463]"
666,"[901.7886351758069, 3533.2328833780884, 60.52161767621244]"
667,"[882.2465509568314, 3179.9900979083222, 246.2681352914998]"
668,"[902.8603898942215, 3401.6979631086633, 100.76962584141971]"
670,"[904.5843802345058, 2887.763609715243, 4.234087102177554]"
674,"[892.8542053595118, 2031.3352348102944, 205.750596975325]"
675,"[933.3388176495266, 2586.1063878299256, 273.54749831275194]"
677,"[899.029785268991, 2039.9822211960286, 216.64904179173402]"
679,"[930.9243800235613, 3300.67242279187, 156.9599457194411]"
681,"[915.8376234482212, 3372.430809503034, 260.5027168524174]"
683,"[918.2124077686371, 3570.611483334747, 276.447714358409]"
684,"[953.5437587677264, 2112.4949095101183, 218.83677097656846]"
685,"[917.1434737791521, 2116.6291070738307, 145.62633681226646]"
686,"[928.8886111805382, 2769.8017162376073, 174.16104307256518]"
687,"[905.6028368794326, 3128.618085106383, 296.4769503546099]"
690,"[1002.3487270493482, 2968.572274930039, 149.62816190021158]"
692,"[918.4692335502531, 2645.7043745480837, 202.59862617498192]"
693,"[959.4046755144284, 2768.2157311579203, 195.7154998173627]"
694,"[933.9570893446574, 3473.0832622482662, 91.583614582947]"
702,"[997.4491142937635, 1795.5055626146302, 168.13406044995372]"
703,"[958.184421139782, 2723.353594590865, 224.4587760452601]"
704,"[967.9118413191541, 2954.871884335046, 131.95557414266938]"
706,"[929.3636959370905, 2077.902359108781, 195.41284403669724]"
709,"[943.4958095379367, 3295.3023066083215, 194.65423125417192]"
711,"[983.8452153207425, 2229.284333279062, 162.44562031911428]"
714,"[965.713657689608, 2168.2356200820127, 189.86039380841552]"
717,"[963.8443826372423, 3140.4190224329745, 15.868685026445377]"
719,"[973.3276169626206, 3009.214444985, 94.20293116030163]"
721,"[982.9907639795201, 2880.2338118662783, 171.78706957132817]"
723,"[961.9293311273931, 2974.8273457811392, 115.22016071850626]"
726,"[992.9599202464242, 3490.948267628167, 127.16677809880848]"
728,"[1003.0739582415646, 2260.3394634833935, 115.07373799665228]"
729,"[950.8771830985916, 2507.9678873239436, 172.94103286384976]"
730,"[1045.5533359050264, 1775.2928782881193, 99.11047300372317]"
734,"[1017.9703503374354, 3247.395816792378, 13.392392814608971]"
737,"[1006.5763062132171, 2216.470798328766, 287.2125657037603]"
739,"[962.8097333678488, 2034.6958322547243, 69.50556562257313]"
741,"[992.0257983094623, 1734.4921343038272, 207.95022305705564]"
742,"[1007.1287472296746, 3136.5489618569927, 45.66446984719468]"
743,"[1018.0685936487363, 3091.212015554115, 75.10614387556707]"
744,"[1035.8001400798835, 1812.6932061256555, 245.80733337119275]"
749,"[1037.7446557626474, 2253.0371624191707, 75.3036896158235]"
758,"[1017.9128671278021, 3224.246659182269, 290.5493427009018]"
759,"[1025.3212503598504, 3001.0078207465695, 201.2107763170521]"
761,"[1005.7885529832356, 2769.576377078199, 260.5630488355142]"
763,"[1034.9744406254213, 2949.388495754145, 226.59012333198544]"
764,"[1002.5957517424494, 2683.1526717557254, 296.60902754729506]"
766,"[1015.1248332592263, 2766.5374610938193, 281.4239662072032]"
767,"[1086.7145053310192, 3517.413389536325, 176.79985122737418]"
770,"[1120.2004570023216, 1951.7801708711493, 269.3605179359646]"
775,"[1083.4409743910055, 1482.568840903007, 281.809627911127]"
779,"[1071.0801036381301, 2932.7524560077727, 288.74819173054084]"
780,"[1064.268062827225, 2978.8154886561956, 259.94415357766144]"
781,"[1084.3456034881417, 2431.3825725044594, 238.30193565435687]"
782,"[1060.047614213198, 1825.642111675127, 33.14554314720812]"
783,"[1068.8028784733312, 2329.9130269881825, 197.72478840626]"
784,"[1068.7031181379007, 2755.1501976284585, 2.709852144634753]"
785,"[1087.3858533360687, 3423.1067610385467, 39.62093961567394]"
786,"[1058.562596899225, 3571.86492248062, 152.48184754521964]"
788,"[1064.1677570670288, 3531.318232316998, 5.705468460683866]"
791,"[1060.0670638297872, 1876.8542127659575, 201.03046808510638]"
792,"[1110.2376614866887, 2431.7437650161387, 272.8308161498823]"
793,"[1104.9954641576512, 3232.434490790401, 223.31966961905053]"
794,"[1112.8074978433815, 1944.1910045049362, 221.08685181635195]"
797,"[1099.0777708330677, 3279.6459430845566, 84.68484763447582]"
798,"[1072.0853534888008, 3014.589455249332, 242.0219375057609]"
799,"[1084.3859688613768, 2595.522265991371, 174.004614518852]"
802,"[1086.539894649293, 3170.2516218464098, 119.45239811477683]"
803,"[1138.393544799878, 2050.3706404082254, 163.99066426323012]"
806,"[1128.5232589838909, 2760.198265179678, 141.5608798017348]"
808,"[1081.6174530524331, 2486.3532341657133, 199.59530860873662]"
809,"[1122.175898525772, 3157.787756913806, 149.36768266437105]"
815,"[1116.4774648738742, 1912.9200065632097, 31.87957373679802]"
820,"[1093.2857846760285, 3584.1557033752156, 5.663956639566396]"
821,"[1124.8711605087544, 2603.0729881182133, 195.61229567279744]"
824,"[1124.8960915157293, 2556.900397751553, 222.26948489530258]"
827,"[1122.8113074467294, 1993.9136164525949, 193.38544064147302]"
828,"[1120.9687458260985, 2969.7289969280087, 2.5289167891011086]"
829,"[1102.038107098381, 2370.952303860523, 173.62727272727273]"
830,"[1115.5959606421543, 3219.1416882444328, 255.74358708786465]"
836,"[1169.6169436925347, 2092.902619628196, 94.80516095836782]"
837,"[1142.347834129798, 3485.3124710960383, 264.6455141051333]"
841,"[1165.3123994534676, 2903.8773607774865, 70.1447043656478]"
842,"[1177.1678089104187, 1648.6570975081654, 174.46791166648316]"
845,"[1152.5459623788713, 2036.3876496294888, 292.38183545506365]"
846,"[1138.6301419466977, 1978.4472045191194, 5.127172653534183]"
847,"[1147.9645767734767, 2713.620531579922, 171.06644749027598]"
848,"[1130.5402356480322, 3563.0639257959388, 25.068187515668086]"
851,"[1144.447099795845, 2820.3809295064248, 116.22276930467154]"
853,"[1136.841244180031, 3178.9156104500776, 188.74456802897052]"
855,"[1175.2636858115368, 3336.1106173174567, 113.21664348475082]"
859,"[1228.3039018327586, 1661.838138416744, 111.82187640403545]"
860,"[1241.4409969700305, 1723.5253000052653, 233.39610747057387]"
863,"[1179.042898042113, 3071.901274473587, 8.081363132619135]"
864,"[1156.105755732335, 3304.553579784745, 245.17313991576978]"
867,"[1172.5004622674217, 2638.105050271582, 237.8308967987981]"
868,"[1207.7129109863672, 2805.5920003927795, 212.7549711143479]"
870,"[1176.8309383588535, 2053.366156262269, 7.839968590498626]"
872,"[1176.248971757609, 2071.319509185632, 277.96826158486425]"
873,"[1176.5970974429854, 3579.935383552177, 38.636489288182446]"
876,"[1187.291269239107, 3532.496938001301, 63.50330587470193]"
878,"[1197.597966012885, 2012.9719552713373, 52.177306991532994]"
879,"[1201.2906182602444, 3083.95460100647, 290.4454349388929]"
883,"[1204.9541076224878, 2888.6638881170697, 186.47184403074928]"
884,"[1222.3804144400099, 1629.415589979481, 72.45101355160206]"
885,"[1289.0575563783239, 1791.3893856832262, 271.46298907456764]"
886,"[1198.1114864864865, 2570.879054054054, 289.4016328828829]"
888,"[1208.3492624649518, 3299.25393148848, 152.44910398634647]"
891,"[1210.629020501139, 2134.8896127562643, 7.772118451025057]"
893,"[1196.1915595120342, 2631.9355973183865, 265.9143861962853]"
896,"[1229.122608055094, 2172.3857948023915, 197.2241275932366]"
897,"[1242.9670680544039, 3257.788992982934, 24.677573852455975]"
899,"[1266.6457980371124, 2261.4173391745444, 260.49075698489236]"
902,"[1229.3008752956398, 2790.5897026420585, 246.37358749924195]"
907,"[1217.604286104286, 1669.3428883428883, 7.8734643734643734]"
908,"[1280.265234795077, 2565.565599235273, 147.63266220575935]"
910,"[1279.7194085656017, 3131.542997960571, 73.24558123725357]"
911,"[1239.8445717187676, 3557.2994583004174, 93.20370161381334]"
912,"[1261.8029492751973, 2779.6866622670277, 285.2644562273855]"
913,"[1224.614848762603, 1710.8856095325389, 204.43675527039414]"
915,"[1282.0634663562516, 2962.8678965171107, 142.176346045162]"
917,"[1241.0635948070944, 2427.4407752788443, 173.953922106418]"
920,"[1225.8945937783146, 2696.5385080036244, 296.2600422832981]"
922,"[1242.174981516037, 2317.9255712424742, 199.95901841354785]"
923,"[1255.521475791262, 3443.0851645307825, 139.40030284004874]"
926,"[1297.6118222532796, 1774.6885514933986, 37.56300225518534]"
928,"[1262.0041523555647, 3004.6776541754243, 113.18911160096376]"
929,"[1296.8269367075316, 3075.1651353267002, 220.03690966844303]"
933,"[1246.3358793969849, 2798.0488442211054, 261.5380904522613]"
934,"[1252.840012655558, 3373.7568023623708, 153.94726850875344]"
935,"[1302.78818279186, 2792.75265976437, 13.09221706533381]"
936,"[1289.3341335610905, 2434.423997599317, 196.57632556958518]"
937,"[1264.9579521334992, 2879.4744199663323, 259.6243138402986]"
939,"[1269.5892234548337, 3180.8025356576863, 296.97686212361333]"
940,"[1281.3892351790346, 3565.2201192046955, 127.69821192956914]"
942,"[1293.0156828247284, 3385.0109810107383, 173.4182491051386]"
943,"[1323.0347003154575, 2445.2396030494215, 229.66059411146162]"
946,"[1305.160440807066, 2539.1681792399318, 172.0708613564541]"
947,"[1332.4794949896261, 2722.8557365470356, 75.81022381141571]"
948,"[1316.3386898049534, 1905.9552583218476, 172.5461617174122]"
949,"[1341.1762710183027, 1980.7812013292992, 109.424810277268]"
950,"[1300.2334180262103, 3053.907361594009, 251.03259561380048]"
952,"[1365.0985776651175, 2683.3179552175748, 127.02639064920433]"
953,"[1318.6561918396565, 1876.3767358625626, 294.5735146743021]"
954,"[1342.9747080431318, 3142.5957368372547, 114.09512461653918]"
955,"[1306.7569380203515, 3509.1748381128587, 3.428769657724329]"
957,"[1352.0503191246867, 3458.5121666286755, 24.397281741509005]"
959,"[1365.4685685146887, 1518.6224869448615, 172.32945692512536]"
960,"[1341.1049827397817, 3325.514422193643, 266.2057592078672]"
962,"[1320.5422456297624, 2653.719744509189, 116.48520842671448]"
964,"[1324.1710871848738, 3048.5512079831933, 184.41340598739495]"
965,"[1322.3141944938764, 3545.1636658641264, 174.63555951010153]"
969,"[1313.815607189829, 1782.8909250328802, 82.72994300745287]"
971,"[1366.9178812760274, 2672.3219533275715, 202.58269820067574]"
973,"[1374.8556161556603, 3071.592570754717, 10.263561320754716]"
977,"[1422.1392277916605, 1572.1557058160615, 112.50977999902004]"
978,"[1397.9119920011665, 3406.6269606515716, 63.42835419834608]"
979,"[1349.8055630513752, 3445.8054177477943, 218.15516346652828]"
980,"[1406.0770607761692, 1553.8612419402493, 243.46680222689537]"
983,"[1349.3372663396526, 1919.4427283574175, 280.77687922577223]"
990,"[1381.0659881812212, 2936.196724301452, 290.1559786970161]"
993,"[1364.639267714201, 2403.1071375630004, 285.809553809665]"
996,"[1367.6941550414974, 1925.3098475484137, 7.549237742068398]"
997,"[1452.6374433279286, 2968.3380443875285, 71.1543236014004]"
998,"[1417.6598699632889, 1549.4802512273873, 285.89933212437523]"
999,"[1366.937919304545, 2471.1919115562696, 259.5523953510347]"
1000,"[1390.9844564569187, 2012.683896658523, 205.11097858915414]"
1002,"[1406.4345718739, 1923.7175524159084, 48.029111569209114]"
1003,"[1422.0846992906957, 2058.0844097786935, 271.71737668065975]"
1007,"[1446.9703955807151, 2394.221750953464, 149.8923397923757]"
1010,"[1407.8066182405166, 2260.0201372074253, 175.57869249394673]"
1011,"[1435.969664566437, 2607.856071199434, 282.8128547222268]"
1012,"[1410.4229245698236, 2634.551044788632, 243.2209251147486]"
1014,"[1388.6077918992755, 2560.317377360732, 257.5056420002376]"
1015,"[1394.6429455445545, 2536.3496287128714, 293.6885313531353]"
1017,"[1416.3231982907387, 3259.5535650697125, 128.05467444599665]"
1019,"[1405.353678369846, 1556.3670716540705, 207.18387065914092]"
1020,"[1461.3351257758106, 2161.2119837582763, 246.60985721427613]"
1022,"[1441.5180652680654, 2201.5043942543944, 212.60957285957286]"
1024,"[1427.949936331345, 2055.3386502245157, 5.2523959520139405]"
1027,"[1407.450822122571, 1551.6723467862482, 5.612257100149477]"
1031,"[1430.1313429845213, 2840.6557631618493, 103.56449431448179]"
1032,"[1474.9316309861576, 2909.242231966297, 212.5987791247528]"
1034,"[1414.7458784346377, 2075.207826810991, 180.01448792672772]"
1037,"[1447.3305377255663, 3211.6339469540994, 156.93781034273948]"
1038,"[1458.3688653417157, 3416.085581018049, 108.57290610423848]"
1039,"[1494.9755300073832, 1667.8761110738224, 48.325555417054204]"
1043,"[1465.0128001932105, 3556.747603737415, 270.09444670862956]"
1044,"[1457.9227680022286, 2272.284135753749, 198.47390779516226]"
1045,"[1472.985350408771, 2374.214781910118, 172.86815367893766]"
1047,"[1439.4548826169196, 2733.2246040870823, 258.7956458851018]"
1048,"[1447.6487187804087, 3028.1805060006486, 295.420694129095]"
1049,"[1444.2030462415078, 1643.4511286434363, 200.90094236248083]"
1050,"[1490.4053759857825, 2513.2448850383207, 90.24555148283905]"
1051,"[1482.9395946829375, 2450.9185007626934, 129.62510350838963]"
1052,"[1487.1954368541135, 2852.9784995302643, 133.62860018789425]"
1055,"[1464.3061496477756, 2885.829916862347, 223.40953227137146]"
1057,"[1479.886288998358, 2884.141461412151, 249.52512315270937]"
1059,"[1529.9127192624624, 1867.3130129721792, 108.02888145549483]"
1060,"[1462.0102289332683, 2643.385533365806, 1.5487092060399414]"
1061,"[1498.6774679728712, 1871.8758948756595, 136.55637716654107]"
1062,"[1514.0998295711454, 1338.8485896142743, 170.46333692741123]"
1063,"[1510.5485472634937, 2605.7781155015196, 52.5072778417565]"
1064,"[1480.033904109589, 2888.620890410959, 180.60876712328766]"
1066,"[1499.9051476380048, 1762.3987397015308, 182.62977668022054]"
1067,"[1489.3592267342488, 1306.4576236223256, 109.15612659869157]"
1069,"[1480.1798929836461, 1691.8237998342, 211.9367699148391]"
1070,"[1474.9733908373341, 2642.7565302302874, 15.597607616567663]"
1071,"[1531.3242840913542, 3248.11688800094, 37.548791475692404]"
1072,"[1500.8231017285236, 1714.9192420934564, 263.16918701303905]"
1074,"[1545.463378799799, 3477.1692717466517, 154.5622328173727]"
1076,"[1587.328780028262, 1883.0477843400124, 277.68262618210804]"
1077,"[1508.096500996366, 3262.27546594772, 203.4818895791818]"
1078,"[1487.2372813990462, 1688.217938526762, 287.6356650768415]"
1081,"[1511.2542242703532, 3169.344239631336, 294.21397849462363]"
1084,"[1546.6560114688675, 3202.0031126092963, 262.97256770893875]"
1087,"[1513.423267945832, 3153.967341980205, 232.39064565691214]"
1088,"[1554.199614629921, 2514.8279446339866, 200.64429281054996]"
1090,"[1534.8637711661725, 1348.716827704965, 78.11234414362703]"
1091,"[1536.3685035093583, 2600.0326286764707, 176.22236380347593]"
1092,"[1520.9865648316193, 2357.8970054446463, 219.4834644081468]"
1094,"[1515.3275324675324, 2165.101818181818, 296.4207792207792]"
1096,"[1556.535006231824, 2796.253469048608, 33.1746821769838]"
1097,"[1586.7583402601488, 1416.1530732594972, 247.92781883944016]"
1098,"[1549.9534697152026, 2787.723516756008, 289.78973854064105]"
1099,"[1539.6164297658863, 2338.2470039018954, 244.14067725752508]"
1100,"[1522.8885672937772, 1355.9578250982013, 3.783130039280546]"
1101,"[1535.1884917320863, 3393.7730081843997, 183.76540838483382]"
1107,"[1540.1616702711694, 2275.029312926302, 270.4961903177508]"
1108,"[1644.4836632108074, 911.5976326440095, 242.2493393210253]"
1110,"[1566.7739169894494, 1872.6123365152423, 211.66565645106397]"
1111,"[1596.183753713777, 1451.55826993097, 124.65329853917429]"
1114,"[1599.8849758671006, 1404.4398641822875, 289.4399764283309]"
1116,"[1556.5212425551792, 2562.597173887656, 111.10017517225272]"
1117,"[1555.550748998863, 1784.6750383151234, 11.391852474415385]"
1118,"[1573.916675183974, 3112.798267579722, 107.01998160261651]"
1119,"[1617.582172957127, 2230.1857823378527, 152.79428362037376]"
1120,"[1575.4859276822763, 1416.4319383521042, 40.79523414344991]"
1121,"[1617.825185059134, 2438.0145664936613, 284.9605377350464]"
1122,"[1591.4421841185283, 2481.469219244215, 236.16835358748128]"
1125,"[1612.3565168350938, 1142.9814958769643, 144.2273537884677]"
1126,"[1591.2421522186469, 1461.274178624204, 186.37398665911695]"
1128,"[1576.8269585438218, 1414.457220752145, 91.0694411033598]"
1129,"[1619.151734346625, 2112.127516061591, 194.18642127912833]"
1131,"[1595.3374486981095, 3051.6603310233468, 137.06593554464106]"
1133,"[1611.7800178868022, 3242.5151910054938, 88.87601890890507]"
1135,"[1615.6647487533564, 1844.6775785839743, 36.25377021379686]"
1136,"[1613.580384046214, 2041.0021930215557, 213.75498778683118]"
1138,"[1597.427783109405, 2681.2447216890596, 91.44649712092131]"
1139,"[1618.802081296574, 1987.8639987833758, 242.07879814899303]"
1140,"[1644.4215381911902, 1163.2822018509842, 179.0664391986879]"
1142,"[1622.731755154169, 2478.5910873928115, 264.15831964969897]"
1143,"[1648.6554814679325, 2743.81035600858, 203.3994080380452]"
1145,"[1649.088986307609, 1155.9958723561729, 86.90744114549233]"
1147,"[1639.8027192982456, 2818.054649122807, 73.62443609022556]"
1148,"[1634.7409156012943, 2205.457429314095, 174.2512864039043]"
1149,"[1611.1122712594188, 1478.1787944025834, 205.90764262648008]"
1150,"[1613.8235744941753, 2873.9294911097486, 294.9092581238504]"
1152,"[1681.6845290410065, 3077.0649540885083, 21.373896157162108]"
1153,"[1670.2352658508482, 1533.8413140463826, 60.32170764870665]"
1155,"[1652.9167108320762, 2698.2712979194694, 120.00320708820851]"
1156,"[1653.159431566877, 2282.395609796052, 132.31501351462038]"
1158,"[1667.2687273808933, 1738.1109761538844, 141.69711466957514]"
1160,"[1692.7950102944976, 3297.211674877258, 138.2343061008444]"
1163,"[1688.8119401491267, 1722.0018515738377, 112.85851306944235]"
1166,"[1637.5487720184356, 2715.177725866532, 219.05151840393964]"
1167,"[1634.6507295982706, 2624.113673212034, 257.5929021797874]"
1168,"[1676.5116979753943, 2359.049565177695, 91.16654493163817]"
1169,"[1648.0760832246103, 2756.7803337224473, 173.44729794685162]"
1170,"[1659.8171975220657, 3107.0985143358366, 184.23033276684393]"
1171,"[1656.1449370409234, 2726.959706190976, 246.33452256033578]"
1172,"[1635.3337113235057, 3417.3870079377934, 294.5601814352827]"
1173,"[1647.7755380005449, 1471.615636066467, 2.9354399346227185]"
1175,"[1652.0809098542095, 1533.080070223647, 219.12075414090526]"
1177,"[1675.9473811044304, 1607.2390081091175, 189.25997373272443]"
1181,"[1674.8249133998697, 1562.3596563432452, 272.52580855369206]"
1183,"[1665.6051189671996, 2983.736433235758, 212.8072506192299]"
1185,"[1705.6712021388332, 3061.9178363410674, 288.74431872433877]"
1188,"[1708.7701445433315, 3053.774512402954, 247.2744429716594]"
1191,"[1747.2626642284429, 1254.3512899141933, 244.5439246026164]"
1192,"[1711.5099883576959, 2495.588971226877, 42.73085949771774]"
1193,"[1668.8540502793296, 1555.7540901835594, 112.47735434956105]"
1196,"[1727.8083666377063, 1272.6912337098177, 124.75980886185926]"
1197,"[1682.2488387270146, 2048.5394832815077, 263.12372835809435]"
1200,"[1730.413049570853, 2387.317691364512, 188.76558066211246]"
1202,"[1703.085637375673, 2501.478419563829, 153.01094990418835]"
1205,"[1685.1720569210868, 2086.136265631738, 244.78546787408365]"
1206,"[1720.4862273945078, 2641.0929755525785, 290.58485432016073]"
1207,"[1714.8600950381258, 1652.9615427119018, 290.9353888090765]"
1209,"[1716.3567070017582, 2202.8159409797636, 233.78474161409315]"
1210,"[1708.7351465683216, 2234.809989966646, 209.48027225642]"
1211,"[1777.8524448729986, 2681.3489241036314, 37.004846608642694]"
1213,"[1735.3559497111792, 1290.126360856269, 181.5388379204893]"
1215,"[1730.9196170755183, 3006.2061340755963, 77.87772170338961]"
1216,"[1742.3002479372435, 1640.2896801203105, 18.91259196033004]"
1217,"[1735.2805436524811, 1719.331932223349, 218.64366556540512]"
1218,"[1719.7251556484957, 1232.4975523976998, 24.3078751009933]"
1219,"[1798.8501432696214, 2556.022132686333, 185.03052027182804]"
1221,"[1832.6542639218897, 1380.69969517268, 60.71429094370013]"
1222,"[1733.1559791452196, 2887.212566001395, 114.50048151960947]"
1224,"[1761.3488879922147, 1229.8217227219861, 288.0280790866583]"
1226,"[1752.8902481809723, 963.9362997086505, 131.85713196149916]"
1227,"[1728.38457728691, 2149.9784557476105, 264.71477390916743]"
1228,"[1785.111671569305, 1767.3597417724518, 278.6565060312321]"
1229,"[1781.4018090795312, 2062.283308681306, 156.63998558804568]"
1235,"[1800.554681495004, 997.3188172559569, 174.86907907378938]"
1236,"[1764.8109597302557, 2501.428410866526, 89.8181419446805]"
1238,"[1784.5270022731786, 1653.2342477544084, 50.40482443556752]"
1239,"[1761.6309572758196, 1847.0876911000635, 207.6453855642358]"
1240,"[1799.9107909119653, 2279.607555294578, 279.0986946113194]"
1241,"[1762.4918717155347, 1945.3213005255145, 183.8627768773636]"
1242,"[1774.7803582604577, 2333.135523266632, 229.57248938581506]"
1244,"[1784.8511209835726, 1746.564986052278, 5.615042876330199]"
1247,"[1756.525089206066, 1298.2612622658341, 202.91469669937555]"
1249,"[1799.6928017566734, 991.0104714197488, 79.44797913950457]"
1251,"[1782.4028262535116, 2941.433500751965, 163.61848415198207]"
1254,"[1807.4195910894111, 1574.150111890957, 145.62719967449902]"
1256,"[1773.8206543161214, 2713.244777296019, 295.4765471028774]"
1257,"[1842.5290330090872, 3131.7093570612674, 118.82121108500003]"
1258,"[1828.611046522357, 1558.1101330528336, 118.96741036003617]"
1259,"[1795.532360868876, 2803.086475344855, 14.373806881243063]"
1260,"[1790.404922874959, 1312.0294059730884, 8.457236626189696]"
1264,"[1807.6942629934679, 1853.1765326408893, 249.84091370146467]"
1266,"[1804.3017263860638, 2033.4677410942472, 178.59182183278568]"
1267,"[1825.5059260383703, 1431.2866334263595, 190.35520031761232]"
1268,"[1812.7710982165713, 2109.3651335438176, 135.89666353784452]"
1269,"[1801.4550757443844, 2328.950896743862, 254.58440710430088]"
1272,"[1811.1189822485208, 1951.4347692307692, 207.4040946745562]"
1273,"[1807.2670433697806, 1354.1952740882073, 219.5947750788875]"
1274,"[1809.5504252172304, 2815.921935662784, 195.85112775004623]"
1276,"[1827.3504151482136, 1928.683134838637, 230.1089153548484]"
1278,"[1799.2338229938084, 2878.1105985188783, 184.0827971348792]"
1280,"[1810.3189691592734, 2761.952154626109, 34.944233206590624]"
1281,"[1846.0027269275465, 2186.3810449770453, 95.36010401445157]"
1282,"[1803.6592793490895, 2483.057342115459, 253.3571483920961]"
1284,"[1824.2076491153723, 3265.1648479711835, 290.99867570717237]"
1288,"[1814.8935926043991, 2556.0211029646157, 216.46420146636913]"
1290,"[1860.6155994843145, 2620.7349907732755, 104.96548193837053]"
1292,"[1815.4339502233568, 1382.2441425836448, 107.3971191539794]"
1294,"[1832.5958637652786, 2571.7791330974073, 242.0821474286575]"
1295,"[1890.2992920117554, 2952.679468340903, 277.14006144803636]"
1296,"[1918.2260585896058, 1150.9919130754852, 103.82405796892253]"
1298,"[1831.855231724797, 2800.229574773053, 287.70102723363595]"
1299,"[1905.3505895678438, 1088.623344563197, 237.6796826595415]"
1303,"[1847.8737533404362, 1408.96906712312, 272.8724957644141]"
1305,"[1842.5908493870402, 2641.9379013426737, 166.86850554582603]"
1306,"[1865.4472678158552, 2925.059885996841, 228.5354600187716]"
1310,"[1892.5372322045612, 2965.4062715964064, 14.240546944417021]"
1314,"[1974.6537459326473, 1209.4830030951562, 39.48170021957091]"
1315,"[1939.3896172744753, 2318.880988740574, 179.28945348662398]"
1317,"[1857.8856929889946, 1050.792300609462, 19.247160959354584]"
1318,"[1875.7119922630561, 1920.1262088974854, 269.1621534493875]"
1320,"[1896.3362483166802, 1137.3845616718481, 176.7426723636303]"
1321,"[1898.5660261790795, 1589.1877339443297, 213.8223951362265]"
1322,"[1926.4332175239385, 2140.768443352258, 221.69233963223456]"
1325,"[1883.658015426308, 1491.2396810506566, 293.50818219720657]"
1326,"[1882.07525497574, 2474.0394098425586, 295.1548668184969]"
1329,"[1892.9696199879527, 2350.5710656574915, 44.76342875101485]"
1331,"[1913.1790638796476, 1048.8161446236898, 286.3741970581466]"
1332,"[1904.6263330215154, 2416.6421421889618, 145.68030869971938]"
1333,"[1879.4758861127252, 1958.8456323842727, 249.97365872554715]"
1335,"[1927.8418191121914, 2573.2445631316364, 6.567896891390559]"
1336,"[1922.4916361443632, 2899.9378126675006, 58.44954886546364]"
1338,"[1931.3603769821482, 2350.3051386257107, 89.8928642664805]"
1339,"[2039.2928176407345, 2037.5076630102524, 172.9067719788907]"
1340,"[1978.3946659170952, 2534.5605912796177, 49.60306056647762]"
1341,"[1894.4817671809258, 2500.1835904628333, 281.9438990182328]"
1342,"[1892.199100674494, 3111.1651261553834, 185.70971771171622]"
1343,"[1957.747725657783, 1615.038981575076, 281.11908646003263]"
1344,"[1938.4355065779891, 1802.4393174425943, 182.15517743579787]"
1345,"[1931.0465456860873, 799.2703342884432, 117.34080865966253]"
1346,"[1961.5852577560065, 1396.5213435969208, 122.40064924966954]"
1347,"[1922.3823150749063, 1508.6534995318352, 15.394253277153558]"
1348,"[1952.843346876587, 1416.8423565261553, 148.61543930929406]"
1349,"[1914.366857362627, 2009.6109321667227, 265.0058651026393]"
1350,"[1940.2073198198198, 1575.2004504504505, 3.1454954954954957]"
1351,"[1930.2456525194723, 2790.214337943093, 94.16849467493245]"
1352,"[1964.1716121974566, 829.4086496028243, 168.63434978804867]"
1353,"[1928.4396744219548, 1146.9936613123964, 19.742202693942232]"
1356,"[1934.1376530307555, 2554.552105106002, 296.5276201851299]"
1357,"[1982.5062243541583, 1264.3216552042998, 192.85066173495926]"
1358,"[1990.7852956450774, 1986.3787743897915, 108.30740411009718]"
1362,"[1979.135495405487, 854.4320288159435, 61.146538011542155]"
1363,"[1986.245792996997, 1786.5603912554736, 212.14682146871803]"
1365,"[1978.7143281807373, 2165.3739347998417, 252.43975426080064]"
1366,"[1950.1784232365146, 2414.9460580912864, 69.6329483009981]"
1367,"[1987.297461000743, 1711.382697472429, 250.42635378373745]"
1368,"[1999.249348948181, 2142.28201849455, 279.3048949740359]"
1371,"[1976.8789122109931, 2853.3113069016154, 139.70386686245718]"
1373,"[1970.9209025691337, 1724.6156110123245, 230.9906799926421]"
1380,"[2020.792121703467, 2461.8193404549575, 110.9266774762745]"
1381,"[1993.2016804772184, 2652.7732748415847, 20.98748926490727]"
1382,"[1990.3619369845633, 2725.7327976316346, 176.15491647282724]"
1384,"[2093.841040965799, 2862.321978898351, 272.5966303361414]"
1386,"[1994.7597352525381, 2396.1239557897443, 214.7991260763398]"
1387,"[1983.9677668901495, 2651.1654203197522, 276.89298607529656]"
1389,"[2008.1779460982914, 1236.605125946803, 273.4368856790558]"
1390,"[2074.352091496429, 986.531375353169, 104.79627627208637]"
1391,"[2025.9887135597753, 886.1691896228938, 211.82688775965053]"
1394,"[2050.6985148209774, 2152.9802674554753, 73.77574413015344]"
1395,"[2008.8477467009711, 2399.7922787506573, 246.18487011370237]"
1397,"[2019.1050105507054, 882.0969423641856, 13.0582150688899]"
1398,"[2022.9477481191384, 2966.963104194579, 121.35130028513518]"
1400,"[2041.389418225187, 3040.3622364058137, 88.0826463611224]"
1401,"[2046.1388647012482, 2810.2825807521667, 216.26570468963803]"
1402,"[2018.3706534199464, 1307.2631257164692, 5.088651127244937]"
1403,"[1997.6742115971515, 2639.4852492370296, 296.2118514750763]"
1405,"[2080.851316028228, 915.9339166000519, 255.36801710566968]"
1406,"[2118.4030371963895, 427.91168582932397, 227.662924982194]"
1408,"[2025.7997335564023, 1950.9578957152153, 193.77956439569974]"
1409,"[2046.4774232390128, 2351.703341360626, 3.129741119807345]"
1415,"[2043.4897016626705, 1371.4647419519672, 221.39583742777407]"
1416,"[2059.1631661794468, 2258.8869350123678, 145.3928940859006]"
1417,"[2112.6237472722173, 1048.3580219043515, 187.79359834725443]"
1418,"[2043.7273353141532, 2770.8403869845642, 9.304261178346257]"
1420,"[2042.1952622210051, 2515.044228399288, 169.60838011775982]"
1421,"[2051.2196097359165, 1773.410535751224, 266.13186926842724]"
1422,"[2114.945656573834, 2000.315009715026, 222.99368523316062]"
1423,"[2057.9680496453902, 2520.7643262411348, 196.6408865248227]"
1424,"[2102.7189776500322, 2323.157193121562, 45.67243173596313]"
1425,"[2066.81893781361, 987.6605119242262, 58.98700456672493]"
1426,"[2059.507198560288, 1353.386968760094, 282.10315629181855]"
1427,"[2053.8770133392372, 2999.227818674932, 142.48104278518846]"
1428,"[2046.3454519532363, 2726.839463929284, 295.04961505560306]"
1429,"[2056.079084086973, 2332.9467000192417, 296.1027515874543]"
1431,"[2098.4285601965603, 1704.058457002457, 159.67510565110564]"
1432,"[2094.824018900667, 1235.8138995170293, 122.43889690355223]"
1433,"[2116.4189613956564, 1566.130186663954, 207.0523472865063]"
1434,"[2089.862510522154, 1255.9619416881362, 149.3447695329439]"
1435,"[2112.7294680354644, 2221.212377508166, 166.13742417172188]"
1436,"[2097.2022868920844, 1630.1131668057124, 182.3227167885361]"
1437,"[2057.892233270626, 2956.419510884171, 178.78366030636926]"
1438,"[2062.6640431751744, 1277.707892961547, 53.48257252080054]"
1439,"[2066.0436583057262, 1067.6236393752959, 126.15203502129674]"
1440,"[2077.9083652618137, 977.9920178799489, 28.628224776500637]"
1441,"[2091.0927487352446, 1876.7904721753794, 252.2551527075136]"
1443,"[2109.8199710433446, 1740.4638946701657, 138.01764546194914]"
1444,"[2113.438230569918, 2754.4378436682964, 56.33438851957371]"
1445,"[2104.9596038660497, 2633.6066226517833, 93.92189627007896]"
1447,"[2122.6569299992625, 2863.8510732462933, 14.814314868087827]"
1448,"[2138.7648040468307, 671.0784986049907, 162.40791635159448]"
1449,"[2143.0452929270828, 1486.6943958207976, 283.7045703189103]"
1450,"[2099.4707152839537, 2413.2607038495744, 278.79252953881337]"
1454,"[2117.8541536424814, 650.1021341276554, 110.25320241728876]"
1456,"[2128.677275969928, 1051.974574255977, 39.54332437030127]"
1457,"[2135.669647790055, 2243.81875, 91.0455455801105]"
1458,"[2107.3833748524976, 1937.1867051265242, 246.95581486823127]"
1460,"[2149.599832296562, 1550.4772332832822, 248.75257892786803]"
1462,"[2127.97705078125, 2453.2162272135415, 10.881998697916666]"
1463,"[2125.806797457861, 1545.2079027355624, 230.31865156120475]"
1464,"[2150.779078471072, 1819.7831277992516, 101.77115160439291]"
1471,"[2128.0665563522707, 945.0555249126678, 2.4429123000551574]"
1472,"[2148.043982688497, 1978.347716133069, 36.192720825946395]"
1473,"[2127.9194050501555, 2253.7655943733425, 74.44978669433875]"
1474,"[2180.139276392764, 1987.6722767227673, 273.4387543875439]"
1475,"[2153.443767245823, 2400.5216349798357, 45.687740683465236]"
1477,"[2170.466073084122, 1069.7238616684451, 272.8832543250477]"
1478,"[2190.108851094257, 2299.7055083122655, 113.10980872851707]"
1480,"[2169.1585852562043, 2069.6032845543373, 143.28602229460066]"
1481,"[2169.8659877800405, 2716.302459658468, 133.77645307848974]"
1482,"[2158.101971190296, 2005.2929618397777, 249.86163760424563]"
1484,"[2162.9076136571116, 2002.9121781997444, 296.5030125981377]"
1487,"[2165.733959719866, 2565.977684979773, 173.68645874113707]"
1488,"[2158.5815325948793, 2467.680225167968, 25.545941528963137]"
1489,"[2175.755526021265, 726.9108421936206, 58.0738248461108]"
1490,"[2161.0052135054616, 2230.183341608739, 214.10681479642503]"
1492,"[2237.8036699503605, 792.9147366641565, 207.0675821051499]"
1493,"[2181.986115635179, 2094.763884364821, 18.804153094462542]"
1494,"[2285.5393699512733, 2762.737191005779, 263.4388163113334]"
1496,"[2180.718177463777, 1795.6253143336128, 183.84543767213506]"
1497,"[2235.9379194630874, 2228.329072605247, 4.891122635753508]"
1498,"[2164.9340670859538, 2543.056498951782, 263.43197064989516]"
1499,"[2188.5025480657864, 2259.1374668622757, 244.39206753661236]"
1500,"[2257.2848288098135, 850.4010599490674, 106.73785761809714]"
1501,"[2216.4669133192388, 1122.3479915433404, 22.360824524312896]"
1502,"[2256.835374988984, 1955.703864457566, 174.26188640169207]"
1503,"[2216.548576825656, 2812.7043103078177, 121.07233932941227]"
1504,"[2220.9374204497244, 2582.593869325414, 287.0354900296988]"
1506,"[2275.3754742316382, 1836.3250031970672, 213.0749072850505]"
1507,"[2225.3008328255128, 2004.2760221699893, 73.89599837497461]"
1508,"[2202.806389076197, 2584.076534052596, 3.548550236008092]"
1509,"[2207.6554735643913, 1203.701907602936, 221.37696746084703]"
1511,"[2198.9030141843973, 741.1658392434988, 9.810460992907801]"
1512,"[2200.8310407474696, 2615.7436629466215, 215.4952850592612]"
1513,"[2207.9027048063826, 1166.6024518388792, 2.1815528312901344]"
1514,"[2209.0155884645364, 2359.696479605092, 171.26513380098726]"
1515,"[2196.2097064110244, 1103.8394248052725, 47.900938685839826]"
1516,"[2248.488432463272, 2740.4858222792755, 205.51374982170876]"
1517,"[2218.904892798241, 1616.7445849367784, 261.77540773318674]"
1518,"[2221.0157366668996, 1182.50622715739, 282.49782340480016]"
1519,"[2232.9787503518155, 2357.1272867998873, 194.04738952997468]"
1521,"[2255.013669517492, 1491.0148868782949, 167.88575378361926]"
1522,"[2236.840158638207, 1111.9737533977986, 145.5031861325253]"
1523,"[2270.1467162631866, 2151.342094030124, 49.55913978494624]"
1524,"[2264.930683339264, 761.7408885274234, 266.41198597061964]"
1527,"[2245.934535519126, 1332.8128961748635, 202.89092896174864]"
1528,"[2246.2461325497243, 1092.399203438813, 122.9337494232217]"
1530,"[2215.07864028412, 2798.6443429731103, 172.064434297311]"
1531,"[2244.1382879522566, 1713.9627471092876, 238.78081872435658]"
1532,"[2275.1727636512587, 2065.9493650943696, 161.98701830670825]"
1533,"[2282.122361407762, 882.5008755219458, 50.586801747195445]"
1534,"[2265.6176847391616, 2575.7177667315773, 45.62414164189813]"
1536,"[2258.100833118612, 1556.831830284291, 135.71025508889463]"
1537,"[2241.1415841584158, 2201.1712871287127, 296.12549504950493]"
1541,"[2259.5920274719438, 2450.2112436718944, 85.4377101993132]"
1544,"[2274.5136564406116, 2216.1456686998586, 28.876896727862743]"
1546,"[2297.3532725678297, 2703.0833621216552, 10.478143020382133]"
1549,"[2303.547999579719, 1640.5753411863595, 100.16592922936829]"
1551,"[2324.8406419298785, 1812.2325803264166, 256.169511738049]"
1552,"[2335.9508304462533, 1375.8006928991915, 270.66278906007943]"
1554,"[2305.8703687445127, 1373.3229806848112, 247.6067383669886]"
1555,"[2287.163321213329, 1370.854261094785, 228.79354485231858]"
1559,"[2337.529390794963, 2125.9244250464876, 99.40215432937346]"
1561,"[2330.8505813885954, 1813.0534575487588, 43.67284258947344]"
1562,"[2301.7276875014045, 509.69523295799337, 147.73753174656687]"
1564,"[2289.300065969277, 2297.644519837904, 275.5008010555084]"
1565,"[2296.2005913879134, 2510.8459434485308, 112.65433376455368]"
1566,"[2337.341694797888, 904.8395222020255, 272.6144724314031]"
1571,"[2322.7308785644486, 1950.9936483965532, 123.4388380563205]"
1573,"[2334.907867973373, 1483.9167899408285, 207.79393953402368]"
1574,"[2306.009343875141, 818.1367696888798, 11.404250949789507]"
1575,"[2397.093521981894, 1801.4406895430152, 155.88399197701523]"
1576,"[2326.1557268749166, 528.1485508563948, 101.91317260021576]"
1580,"[2334.013423741238, 2403.7454986942776, 163.55811609474503]"
1581,"[2338.005788465631, 1915.5864652053629, 9.701808895509682]"
1583,"[2344.5334497707636, 530.3087671147429, 171.89916726444812]"
1584,"[2336.0011765365007, 970.7859263824304, 206.6191943526248]"
1585,"[2333.0196107452084, 1857.8374898246134, 291.94138977281136]"
1586,"[2327.0778717406624, 2076.71834625323, 211.75786939159033]"
1587,"[2341.251265220992, 1656.628929853081, 167.47845290310707]"
1588,"[2360.9656406136232, 2121.5657686610257, 239.53619222174797]"
1589,"[2419.4420759863406, 646.3760550675458, 207.66391758481706]"
1590,"[2366.4806302541665, 2604.9829777297086, 114.76170050636645]"
1591,"[2383.165112501504, 1665.342497894357, 184.55940921670077]"
1592,"[2369.3635850046408, 1040.0344215326259, 222.6429724385618]"
1593,"[2343.7801652892563, 1986.8336776859503, 294.49204545454546]"
1594,"[2361.836541731855, 2496.251411468608, 245.82803890891776]"
1596,"[2381.616118215547, 2391.32580673951, 24.75285912817309]"
1598,"[2356.910765379113, 2429.857296137339, 258.04810443490703]"
1600,"[2394.9683829680157, 651.7632293033915, 126.52247332376685]"
1603,"[2396.9028420095656, 993.3303292620261, 7.695837780149413]"
1605,"[2407.4081347423667, 2616.84593334189, 192.60170567178653]"
1608,"[2379.369798428425, 2217.4846600614965, 167.7851725316023]"
1609,"[2417.7500599808063, 1355.3140794945618, 156.0120761356366]"
1612,"[2362.923892304431, 2641.8554165783335, 164.9885520457918]"
1613,"[2366.455647488936, 965.4494900904368, 44.43698287473543]"
1614,"[2376.7469303288112, 2486.5292710968038, 208.32306277305128]"
1615,"[2416.9297100654453, 1980.2715622829146, 37.98711198859274]"
1616,"[2385.8493518447494, 2268.877003911943, 66.15018792667024]"
1617,"[2382.8307519640853, 2170.2107744107743, 188.0388327721661]"
1618,"[2435.6744215611493, 2473.3536922015182, 285.86540626929644]"
1621,"[2425.741646897419, 1940.567210678252, 142.96907422757025]"
1622,"[2393.387974111703, 621.7229546586027, 52.92181881880036]"
1623,"[2388.6918092586816, 1018.4520146871776, 283.145719839689]"
1625,"[2401.2380336928427, 2593.1217577324182, 239.02932525180498]"
1626,"[2411.847993652233, 1161.0594536386307, 202.69736643240384]"
1627,"[2413.4465380779598, 1274.8845247947036, 178.658603348399]"
1628,"[2474.7195494558127, 1676.3948262288945, 224.19184462171134]"
1634,"[2466.54351145862, 659.4791089958396, 268.46390278384837]"
1636,"[2426.8837536023057, 1029.209690201729, 158.751765129683]"
1637,"[2413.7515181955164, 1381.3252362905803, 133.73763755079676]"
1638,"[2422.7246520566628, 2051.2826322804626, 10.637425994234524]"
1639,"[2415.378108847674, 1494.2782000608088, 293.2570994223168]"
1640,"[2433.497240660207, 1005.2892856234582, 129.69227639174994]"
1641,"[2409.9504793664028, 653.0140058357649, 5.385160483534806]"
1642,"[2417.673975821056, 1892.5142185893985, 61.87607067691253]"
1643,"[2461.3867844930946, 1468.190672321151, 99.33684888316533]"
1646,"[2420.719302436694, 2078.2809364548493, 295.6784519827998]"
1648,"[2479.1321757786914, 766.6612491337327, 58.692083503422346]"
1649,"[2508.0125646711012, 810.410889923085, 95.6401565913761]"
1652,"[2498.3080884836204, 141.86475008443094, 230.14316953731847]"
1653,"[2462.7313486241815, 1150.223082978495, 276.6736680144559]"
1654,"[2489.824480593, 2395.91525948577, 96.40544228219743]"
1655,"[2434.8517355660215, 2250.2597244025815, 191.35138670852956]"
1658,"[2467.8418478103563, 1209.131523343657, 239.7151002923384]"
1661,"[2472.9432614111784, 2546.410849433554, 6.997649602782871]"
1662,"[2471.4296745299407, 1810.1754758503532, 105.66703988263001]"
1663,"[2459.577607973422, 2581.3729568106314, 275.80511627906975]"
1664,"[2497.979264887628, 1963.7471849681879, 90.8523252620497]"
1667,"[2472.133995416348, 1647.1634835752484, 19.80445632798574]"
1669,"[2577.9374973822614, 1468.2183702409516, 198.9809009806796]"
1670,"[2482.536997686169, 2251.4082731265053, 148.40029277045852]"
1672,"[2470.9392324093815, 1657.0117270788912, 277.5721393034826]"
1673,"[2515.817484457963, 2528.1710958136555, 46.815736812615064]"
1674,"[2526.2094394360047, 27.86751723492529, 152.90716536169947]"
1678,"[2549.9303047341846, 459.3933264977619, 144.12124319199137]"
1679,"[2543.4564369591753, 1651.415850140979, 138.67252908703966]"
1680,"[2512.451283305735, 1655.1174732801446, 47.82347960258919]"
1681,"[2486.3167218543044, 1709.1363410596027, 290.75173841059603]"
1682,"[2471.509376890502, 1368.9567453115546, 173.0124016938899]"
1683,"[2492.8733278887044, 1510.4550114055592, 150.79872708327466]"
1685,"[2484.793780513691, 2192.9320738696665, 274.8723201018892]"
1686,"[2526.8712470068153, 2238.481488303555, 1.7417572296923927]"
1687,"[2534.469896797053, 1517.4122212536206, 167.9222462810382]"
1689,"[2508.7893039049236, 2169.374193548387, 20.555110356536503]"
1690,"[2519.983732710909, 397.21312594918, 88.49768119782695]"
1691,"[2506.679521550835, 711.5606310579501, 17.732831511651888]"
1692,"[2502.501097962669, 1937.6865926558496, 205.97029401000367]"
1693,"[2513.7586231319497, 2094.7963736808556, 45.417345421063814]"
1694,"[2531.325703699277, 1975.3182692882328, 234.06246339568517]"
1695,"[2516.2377321958006, 2000.8045622314999, 172.40140376353844]"
1696,"[2515.8094823295173, 1845.4781607765058, 283.6499709639954]"
1697,"[2514.375901875902, 1746.1054702872884, 5.9054178145087235]"
1700,"[2522.163274776268, 2017.194497845542, 72.38057673185284]"
1701,"[2529.327780338447, 2060.704089023507, 154.52367156120366]"
1703,"[2568.331244447646, 425.70580926312755, 214.96420082114815]"
1705,"[2577.3778531266767, 966.3029777504725, 215.83115711541603]"
1706,"[2553.2441187115455, 2450.744506488806, 225.35357530634403]"
1707,"[2561.0144201014978, 2429.800656021785, 190.1743821430045]"
1708,"[2544.5464952736074, 1273.9489091682203, 266.4229221862428]"
1709,"[2551.4918710863444, 462.8690756592176, 36.920587503111776]"
1714,"[2559.390827147402, 859.9742311770943, 156.10933191940615]"
1715,"[2558.7207967998706, 1324.8056487130793, 238.79530486080245]"
1716,"[2565.793682537241, 871.0911724739123, 283.4350690972489]"
1717,"[2585.832548638617, 1331.0691527788158, 288.075704356924]"
1718,"[2585.0663383451288, 1827.4243338442973, 28.49107987345488]"
1719,"[2592.4792023768714, 1803.4854873728716, 131.93052222603131]"
1720,"[2582.4931000270585, 848.7803734103004, 130.627559303689]"
1724,"[2553.8815426997244, 839.7837465564738, 48.61904761904762]"
1725,"[2718.5797329102347, 1297.3327262712066, 186.97991423819852]"
1726,"[2586.3603324956507, 1875.7863264385592, 4.791739158450931]"
1727,"[2579.4305668047127, 501.967816373, 91.8429940247872]"
1729,"[2622.400520418255, 1289.5907515338895, 110.05958885037495]"
1731,"[2591.0794431883673, 1750.1896085472358, 56.10981070177772]"
1732,"[2617.2343601805833, 34.954341970484464, 195.01301263325618]"
1733,"[2587.078986773147, 835.7961068130771, 3.5320688794609434]"
1738,"[2584.6877016851918, 509.8045894585873, 2.4212979562567227]"
1739,"[2580.8585261775806, 2089.891596914492, 179.35967503692763]"
1744,"[2611.4554335894622, 28.542261251372118, 281.58141236736185]"
1746,"[2660.1442997455297, 525.3290096376386, 269.3498336154386]"
1747,"[2600.212471454537, 2073.280141678706, 127.56974413944167]"
1748,"[2591.6620395088094, 2137.1268224567743, 86.93301572959875]"
1749,"[2585.855298051424, 1928.8572581575004, 292.7640954686959]"
1750,"[2632.116180831422, 2243.1279583729647, 72.36220835897723]"
1757,"[2646.3643034265106, 2345.7861812443643, 27.14585211902615]"
1758,"[2657.331657445779, 625.8212865767717, 63.29230914866314]"
1760,"[2617.6138640671543, 2001.203899268887, 296.7692932575142]"
1761,"[2694.5193932566185, 675.7696225959604, 96.79246801319707]"
1762,"[2620.7020329814154, 2030.5609458162464, 261.3123636680918]"
1763,"[2656.484466408441, 624.4323405013134, 197.12258581541337]"
1764,"[2647.1032996658564, 1007.1898352065614, 275.28075637910086]"
1768,"[2632.6695488998453, 1666.7347854882626, 97.59989697549489]"
1774,"[2686.9472772022573, 1836.9664210701255, 85.08238431769799]"
1776,"[2670.6748706047606, 1521.8673527031772, 234.99340427805853]"
1777,"[2649.111547140194, 548.5987442362406, 27.52791131168449]"
1778,"[2649.16243957749, 1823.4664916154443, 161.497463746494]"
1779,"[2640.2569025415983, 1491.8312305723166, 265.6595355640885]"
1780,"[2657.8568488699543, 1551.0175824969313, 288.68622283197345]"
1782,"[2704.192601325608, 2350.206360617083, 168.34592325277126]"
1783,"[2644.8297118564005, 512.1225003936388, 291.919146591088]"
1785,"[2686.14521466773, 1112.1204089471973, 240.02684454687824]"
1787,"[2654.6591605392155, 1477.4806985294117, 105.00173611111111]"
1788,"[2671.7726832771327, 1969.9913669289372, 23.205897964281252]"
1790,"[2684.812508336166, 243.83814285284032, 85.08163634095025]"
1791,"[2707.478911185433, 1469.6760413499544, 133.29678051417181]"
1792,"[2677.564266935571, 1677.6286239060755, 274.5386610004682]"
1794,"[2689.936838072302, 1817.2435483429572, 227.8461317424263]"
1795,"[2664.1417023554604, 1788.5947537473232, 199.83645610278373]"
1797,"[2702.5939619476912, 1544.5525132344462, 26.88867341055611]"
1801,"[2665.098873137041, 1019.0087241003272, 296.7237368229735]"
1802,"[2686.4789656259854, 1908.033995584989, 148.31731315042575]"
1805,"[2732.778792376729, 262.08329732133353, 208.09261660059246]"
1806,"[2721.0401015906964, 574.9989306242481, 15.933164015505948]"
1809,"[2709.7622313671695, 1788.2957933241885, 258.0599908550526]"
1810,"[2715.301458229228, 2246.2126924998865, 191.3166765093354]"
1811,"[2712.1402909148715, 1907.7713218345123, 172.26007471584134]"
1812,"[2757.4224562146146, 368.5926874437801, 139.8804910312715]"
1814,"[2701.8908292264837, 1630.2961217055924, 293.01242768373686]"
1820,"[2749.493070506547, 810.7047672305326, 217.2174099445454]"
1826,"[2745.3093615143193, 345.2027020400157, 106.21991467242056]"
1827,"[2730.949185621518, 1149.1534012277775, 259.51712146481674]"
1829,"[2738.2963383479987, 1136.2165058189044, 291.9542293499858]"
1830,"[2788.792624077211, 300.6573775206929, 290.87597072640693]"
1831,"[2774.0990673052684, 758.8646103077664, 137.6550404473268]"
1832,"[2766.880968571682, 759.4016201992727, 286.24852910741214]"
1833,"[2764.9910677191524, 1669.1632737847945, 125.52311709893762]"
1834,"[2762.1107525124603, 792.2751858811995, 165.47871558133835]"
1837,"[2741.3255562288978, 333.7874210025106, 64.72517530949702]"
1838,"[2791.152586448318, 2086.03831330764, 54.69093309506981]"
1839,"[2761.2736031597215, 220.5802397717979, 267.10416708224454]"
1840,"[2761.385704652731, 1974.4914212931744, 74.72952723458455]"
1841,"[2744.0710059171597, 1764.4019587839216, 293.92552540297896]"
1842,"[2800.030970661925, 2166.1224440313586, 156.8529701769983]"
1843,"[2788.38967341341, 2259.706388558166, 101.0847889319247]"
1844,"[2808.143939187903, 2171.5183170605674, 17.534077619734013]"
1845,"[2818.3745626334203, 1013.0032589336466, 189.64241413720364]"
1846,"[2917.741509547694, 1292.5652539442335, 151.41331569413117]"
1847,"[2809.144215448921, 1146.577482566681, 114.93351542615929]"
1848,"[2777.3236837190348, 1698.8347454029918, 20.733653666570454]"
1849,"[2774.7561165280854, 1844.6543638212597, 292.60567087396066]"
1851,"[2844.327272481784, 501.9110990094108, 80.75567417222119]"
1857,"[2762.738407804408, 1604.3786583162712, 52.57509333975671]"
1858,"[2790.567794020272, 1223.202541639077, 279.69928182142314]"
1860,"[2771.8717665266417, 658.1063453460093, 131.43533053283218]"
1861,"[2817.3718329042126, 468.81140154483376, 192.28840628381656]"
1871,"[2789.665087328131, 376.31846897064287, 32.075250836120404]"
1873,"[2779.284244562022, 1785.642857142857, 275.82216343327457]"
1874,"[2792.0759111661378, 1891.2244834790683, 253.20010833397816]"
1875,"[2806.9104199223675, 1668.4108484145788, 155.07410394716942]"
1876,"[2804.5378036437246, 326.83117408906884, 255.79468623481782]"
1878,"[2833.8265653909825, 389.5949946440744, 16.32641932028435]"
1880,"[2828.1869226676986, 2061.6782898873143, 184.27092905160322]"
1882,"[2913.778795650962, 1774.0216559799276, 71.27240591023138]"
1883,"[2853.533495346822, 914.1006932670208, 275.56987302663805]"
1884,"[2848.6657590677596, 1654.434293130934, 220.7492064387794]"
1885,"[2826.5060982309637, 1642.1262498626525, 193.7320074717064]"
1886,"[2855.13971604881, 84.68976476592586, 77.58630817055631]"
1887,"[2843.734664960234, 1610.8297376359812, 83.79563945516044]"
1888,"[2857.390001347931, 968.7282421483023, 240.81942218694303]"
1889,"[2827.8356079404466, 1337.3062965260547, 258.31172456575683]"
1890,"[2860.698821829012, 469.8140767344079, 246.24509460406446]"
1891,"[2861.034375640063, 1819.0469038028266, 21.65518536219021]"
1893,"[2884.281864752453, 1460.952931541167, 287.77087247675485]"
1895,"[2848.1052478979414, 1760.0153667729776, 144.39308495216005]"
1898,"[2848.307660773764, 1349.9678196259288, 99.21767870868563]"
1901,"[2867.873907195696, 1862.1162855861915, 6.344373458865725]"
1905,"[2870.6991226932882, 472.2395090539781, 278.56586282899]"
1907,"[2916.244078688893, 1957.4077987315486, 153.14025930291294]"
1908,"[2887.5242907521447, 2194.592794357598, 209.6069266803516]"
1909,"[2894.6505420707867, 100.31678134362464, 199.3635682729904]"
1910,"[2884.058587935068, 1610.171049833416, 254.8760721627561]"
1911,"[2907.379252521076, 1414.872028116601, 26.002182252544046]"
1918,"[2930.400374191834, 218.57146178372156, 138.38778673279603]"
1919,"[2880.104634883207, 1760.643799277872, 166.48868911649842]"
1920,"[2918.4999713028506, 662.0225368280085, 215.4172087239334]"
1921,"[2893.4575442117143, 168.37150382541077, 3.1168945190016304]"
1922,"[2922.3542973478598, 662.088312974579, 159.45906239683063]"
1924,"[2936.5584560007023, 2138.266132100319, 234.35585730590267]"
1926,"[2937.2063315583123, 622.0506563676439, 131.676361011957]"
1927,"[2890.8211709211987, 953.9927857935627, 295.40774139844615]"
1928,"[2916.830696965455, 2112.1821660211845, 105.55817896193987]"
1931,"[2911.590696764942, 188.31824798487844, 102.92502226953745]"
1932,"[2950.7313891582357, 131.5875885032657, 286.8781719387475]"
1934,"[2934.5954193175244, 609.2907113938693, 286.7725159051475]"
1937,"[2924.2369098341155, 51.02748880766486, 258.8127041114259]"
1938,"[2918.7446201402927, 519.8749256925455, 126.17714897158483]"
1939,"[2921.765664314207, 185.779011966861, 53.548266339367906]"
1941,"[2927.5522805119886, 1107.8683973318912, 211.68280151433208]"
1943,"[3009.3514214019974, 351.68459417677036, 77.69628742734726]"
1946,"[3009.148690319653, 885.4065885474242, 187.83473940212016]"
1948,"[2997.09220714833, 1987.7618785775453, 30.832379321224142]"
1949,"[2974.077110648435, 316.01050400465175, 172.95631459493933]"
1950,"[2950.185081805299, 1120.8643019710569, 229.92712672306436]"
1951,"[3044.73298329067, 1290.842077681253, 214.15682381633846]"
1952,"[2948.8188908718357, 1087.1335514574657, 258.28233855509285]"
1953,"[2990.746361435701, 991.3767370969188, 118.11525855971628]"
1954,"[2986.8536905592255, 313.11976367291675, 200.21761785582407]"
1955,"[2982.4577170041853, 922.8615696571087, 161.38422543998752]"
1956,"[2952.924326681932, 1752.4506596881474, 241.24424817359068]"
1958,"[2971.047547359177, 1722.4553694643082, 289.4556203738552]"
1960,"[2956.1767045807696, 1072.116850021754, 291.0608490272857]"
1963,"[2960.694228929748, 165.77473695398024, 249.6726538420661]"
1964,"[2978.7185690299148, 1560.2486550388926, 25.851043415687215]"
1966,"[2986.0736245548924, 235.2313556346858, 22.12683685239982]"
1968,"[3018.4365302471615, 767.6690883866963, 270.90613705231647]"
1970,"[2990.126748771134, 1618.9244044725328, 119.32606816831415]"
1976,"[3013.2396492135517, 1175.1266310864505, 274.14031457926785]"
1977,"[3017.418623682579, 315.08453812771234, 242.58407935523869]"
1980,"[3005.451721242653, 1967.015113350126, 205.84340890008397]"
1981,"[3030.1238398670175, 824.0258484554647, 238.87618783765063]"
1983,"[3016.088137145848, 2069.33861152915, 198.31917817182492]"
1984,"[3011.3228097868982, 1580.9621152328334, 146.54673582140038]"
1986,"[3057.9908829578667, 1224.0267737939164, 20.656559338954306]"
1989,"[3022.4769064661896, 287.29495741192466, 279.6188667173192]"
1990,"[3010.371957156767, 331.0029211295034, 41.129746835443036]"
1992,"[3011.7904652498564, 1527.9834003446294, 190.15674899483056]"
1993,"[3035.7986132671012, 339.6580254579323, 264.4102763117044]"
1994,"[3043.2838460447974, 1689.6041607598527, 10.794194783101787]"
1997,"[3059.9212584936904, 810.0091360703477, 292.8953919945184]"
1999,"[3072.6109343245266, 1513.2208658680072, 242.80830837522728]"
2001,"[3075.6439721907204, 502.5726837927124, 210.9216803905133]"
2003,"[3070.4264346582445, 506.8835587867231, 156.68750372445027]"
2004,"[3083.658568484464, 470.34000475586555, 124.39392438173748]"
2005,"[3084.7260105938108, 1970.4249512127126, 225.68224142737662]"
2006,"[3138.896163046199, 1721.632468083331, 55.19847092036826]"
2008,"[3049.3531048438094, 362.42152523080813, 121.3685342101935]"
2009,"[3052.578880407125, 1256.9211195928754, 253.9996183206107]"
2012,"[3098.8243088124364, 1612.1254632514513, 222.76939096782658]"
2013,"[3067.280836581215, 1294.1682494373388, 96.69665696876544]"
2014,"[3082.968063397048, 1703.3735800285694, 147.09934698319842]"
2017,"[3111.901409781094, 78.83324674711314, 136.8755637943656]"
2018,"[3071.780304226538, 1197.8807831991157, 118.80941102163271]"
2019,"[3128.979947555144, 1389.9398847334987, 288.0774753551246]"
2020,"[3155.6794568530227, 1220.6065103337428, 155.20764151086445]"
2023,"[3091.5915845257023, 448.0309273979862, 285.6895813460519]"
2026,"[3080.3434984142473, 16.1724810929495, 10.436081971212491]"
2030,"[3091.9418340817774, 41.1926494918459, 100.42663672890569]"
2032,"[3081.129391935693, 11.957215091404123, 156.80967198236743]"
2042,"[3160.141275677923, 708.2825513558463, 185.7032340215428]"
2043,"[3104.865087853323, 11.988235294117647, 200.76928953399542]"
2046,"[3131.4300838112044, 1409.4243092593335, 11.525484220234992]"
2051,"[3144.2725262361546, 164.29458206436345, 168.43838140870207]"
2052,"[3118.1661985374126, 975.7114805536577, 220.11991700194844]"
2055,"[3099.132950558214, 27.967208931419457, 64.09537480063796]"
2057,"[3140.9946553681702, 77.85525186231342, 31.176317465592202]"
2058,"[3148.868555413127, 795.835133001644, 130.3198702211021]"
2061,"[3162.0797302657675, 605.8601983339944, 260.7986037286791]"
2062,"[3187.0286277416253, 210.55732878330062, 77.83906974092504]"
2063,"[3129.3164406940364, 940.4864890490187, 291.2183085237508]"
2067,"[3127.380045594743, 963.5486120423762, 252.5847525814671]"
2069,"[3118.797633984585, 1354.7381251120273, 37.439206548365895]"
2071,"[3152.0148371949813, 163.68674466938648, 194.99928796859365]"
2073,"[3126.220631920065, 21.660005401026194, 240.7670132325142]"
2074,"[3130.535194356896, 1929.2705988293562, 178.5743659012457]"
2075,"[3145.85480184267, 25.413229243591097, 274.9583641031051]"
2078,"[3153.7525358621933, 1102.9716103475182, 78.01284436708481]"
2084,"[3183.1507186683934, 659.6773529224432, 233.06507292838793]"
2087,"[3173.9177285998853, 157.33871803967583, 237.55873604933555]"
2089,"[3172.519556333917, 1499.314402468518, 3.696188808272871]"
2097,"[3161.1899243140965, 98.96676915799432, 264.97256385998105]"
2098,"[3210.6998495356356, 1038.1020736410646, 14.31820618806316]"
2100,"[3177.436537661257, 1023.2413055109685, 99.91653290529695]"
2102,"[3195.3275666148743, 1038.8338396604902, 268.13360079775515]"
2105,"[3199.732742911291, 633.7765872148116, 288.0266054377141]"
2111,"[3202.3688749112307, 165.34493253525415, 269.78515268337225]"
2115,"[3180.2063663339627, 166.53736174804425, 39.457782573509576]"
2116,"[3275.449526034413, 1513.2244620153647, 60.379019722359494]"
2125,"[3195.8091603053435, 704.4889942933373, 218.35707403839027]"
2129,"[3236.3512063709622, 341.80240801569107, 210.70470496490773]"
2130,"[3229.4395122296387, 1620.4523433261788, 114.96629478500837]"
2132,"[3334.862224083724, 1010.2081842016514, 173.51836359482598]"
2136,"[3227.7815747015165, 352.6373023555986, 156.67883188125202]"
2137,"[3204.9802521477186, 326.4065603034698, 185.5031797389267]"
2139,"[3227.397860849306, 1548.1219421793921, 137.68034522927036]"
2143,"[3228.1041886659627, 1112.4769447377685, 247.6663146779303]"
2144,"[3234.9116725830027, 1179.633743996659, 89.45625391522239]"
2145,"[3290.933639553793, 1111.7275113406179, 124.36111665858321]"
2148,"[3260.406792604502, 350.912520096463, 123.22019694533762]"
2149,"[3213.598234552333, 226.90315258511978, 122.64388398486759]"
2152,"[3233.8576011227506, 255.54007317928927, 274.93468999047667]"
2154,"[3286.710270759608, 917.0762488684059, 180.7008476668587]"
2156,"[3310.398899467709, 1532.7166796163792, 228.97584975240923]"
2161,"[3336.0342001576046, 1270.5514942110688, 286.64465054252287]"
2163,"[3284.6809566593934, 1175.651435416934, 105.29324434176186]"
2165,"[3305.4799421407906, 1635.8245488359278, 13.534798181567709]"
2166,"[3258.5087264386157, 905.8475117183605, 60.3469133339982]"
2168,"[3270.967750819311, 311.0408691581064, 288.8799812728925]"
2174,"[3295.431616467653, 513.5736945286045, 183.17823917305293]"
2177,"[3279.917216891158, 788.9295125744637, 286.58009801332275]"
2178,"[3275.8938700682475, 1198.4164163238897, 219.10038360216296]"
2179,"[3278.4419555356444, 1237.6003248025984, 7.387635101080809]"
2184,"[3260.1374531835204, 1180.7755305867665, 29.97840199750312]"
2186,"[3274.924498977505, 818.1324335378323, 212.1265712338105]"
2189,"[3398.350874383641, 742.7716450739631, 144.04745661316832]"
2190,"[3275.5534149976374, 804.6241866889608, 241.964450583403]"
2197,"[3318.241402663857, 446.3288735044021, 255.0095718263225]"
2199,"[3301.2928268156425, 831.7066815642459, 84.283843575419]"
2212,"[3312.7394655971666, 1699.4509609875515, 134.32668368144175]"
2214,"[3414.3270774581265, 1339.3545891935237, 53.28631215706061]"
2221,"[3338.695453510968, 507.3455296650969, 225.26289805850737]"
2225,"[3338.1362949717914, 43.81820143663101, 164.7040725097882]"
2228,"[3339.7244717270687, 41.77901074253335, 189.8087592964231]"
2229,"[3347.7991474085707, 885.6482162889836, 255.68949966345076]"
2233,"[3345.8273989459885, 461.4194644338033, 282.87119124689013]"
2235,"[3344.712828289791, 989.0745157510167, 72.25139587785208]"
2237,"[3343.1153566229987, 38.043982400423445, 94.37266772528781]"
2239,"[3372.9362981069016, 860.0704362357519, 10.117377098246576]"
2243,"[3364.4479272248127, 62.26715487532942, 54.665011149401984]"
2245,"[3341.3588, 13.693066666666667, 138.26413333333332]"
2246,"[3421.598873013918, 1432.45880034487, 4.985312230570267]"
2249,"[3367.462778934841, 629.2867003867897, 175.27664385599525]"
2251,"[3381.996190766418, 39.92530516193475, 253.5851321380805]"
2252,"[3435.371228759681, 1509.9860478557391, 118.45698763148769]"
2254,"[3370.664006604293, 950.6552008805724, 235.02063841496974]"
2255,"[3416.2654030295894, 995.377992308296, 90.86896632917353]"
2257,"[3422.7305468477884, 929.3483524904215, 111.58191570881226]"
2258,"[3391.7715755827553, 1412.0223746784127, 130.8102829968036]"
2259,"[3365.5207178675114, 930.6315650567432, 293.0200580628134]"
2261,"[3406.992772606072, 699.8740234831829, 52.34013191748141]"
2262,"[3371.1060202975664, 153.18120011823825, 184.0743915656715]"
2264,"[3367.096906448006, 17.84550875885203, 38.317741334327245]"
2265,"[3418.7764819122485, 161.57975455201733, 77.83543755514559]"
2267,"[3409.6293228107156, 194.51675204039117, 210.31445307713045]"
2269,"[3478.678325086617, 1093.8841292209238, 281.98210444898865]"
2271,"[3399.4521609132917, 206.11752514270182, 157.3908331068225]"
2273,"[3444.3824462013276, 763.4973999069886, 170.59337081976915]"
2275,"[3384.1064023695603, 90.76418318523582, 122.60514923672818]"
2277,"[3422.7492462648233, 207.07052727963017, 123.38622507090695]"
2278,"[3490.541351734724, 1425.8545614023067, 219.51026169902215]"
2279,"[3412.517375838008, 183.67204815980298, 105.28047612532494]"
2281,"[3500.092049446785, 756.6528520823919, 280.60909780025946]"
2282,"[3419.255179025468, 635.5048976699595, 233.34454587136844]"
2283,"[3423.9430579856953, 656.1389937686098, 203.82021057801518]"
2285,"[3411.899809824203, 1022.6692796511898, 19.502759868268473]"
2288,"[3457.817807234408, 353.28928865744393, 182.0015955674785]"
2289,"[3449.151812951307, 155.38718770513958, 283.490500830212]"
2293,"[3474.3709725285275, 459.58369168640274, 126.59731977119714]"
2296,"[3436.862826702181, 1075.3865490261362, 3.7248210421175294]"
2298,"[3516.16469563623, 1121.1310658843663, 51.57289756753453]"
2300,"[3470.2588867603235, 819.3219987228608, 53.85855683269477]"
2301,"[3498.1467390768685, 314.2130515774845, 246.25778886052495]"
2302,"[3486.89156604597, 726.9282986616236, 239.2374163514693]"
2307,"[3459.682234831951, 290.0960279353994, 215.2394151025753]"
2318,"[3504.0018879798617, 372.3957765191245, 214.29711209006362]"
2319,"[3543.86869537443, 766.9159528441593, 86.86846307964808]"
2321,"[3560.1953988691125, 1213.5338147313769, 202.372625956704]"
2324,"[3542.203029136183, 629.0811962520858, 118.72160184828648]"
2326,"[3542.615467904099, 1306.722112071996, 112.50675666174506]"
2328,"[3527.5078440530815, 320.4160507734154, 281.57595406214796]"
2329,"[3518.469417932518, 1450.378007796747, 163.17623336469956]"
2332,"[3547.8535561431727, 1228.486710465338, 14.947250770111495]"
2338,"[3565.6321652355537, 703.767463448596, 7.207820840102112]"
2340,"[3564.7566698676465, 585.7575466577596, 28.129556177195106]"
2342,"[3565.32727053722, 858.9349554324259, 17.239520597446397]"
2344,"[3560.8204787234044, 15.705119680851064, 183.13663563829786]"
2345,"[3572.1804503685753, 483.54865528964285, 202.17082365613115]"
2346,"[3570.0832239635606, 572.1244499343782, 157.2275920636146]"
2348,"[3578.8124492923466, 471.61079058865954, 229.9618227711169]"
2350,"[3579.0874265716784, 64.04999375078116, 159.09798775153106]"
2351,"[3583.486220472441, 1404.9610236220472, 178.63215223097112]"
2354,"[3584.8956746463546, 512.9239662676823, 45.44926550598477]"
2359,"[3585.653932072031, 31.733576475951676, 217.2851607020743]"
2361,"[3587.8931965032307, 84.88844545800076, 182.24515393386545]"
2363,"[3585.5078221722, 39.96342149690489, 129.02554867754642]"
2365,"[3588.7848853274386, 450.1724924012158, 274.38836695219675]"
2367,"[3591.1553443079065, 18.496869928124276, 72.69649895664271]"
